Workbook

Sheet Asset
A1: cusip | B1: rate | C1: frequency per annum | D1: issue price | E1: maturity price
A2: 9128285W8 | B2: 0.04 | C2: 4 | D2: 93.33 | E2: 100

Sheet Cashflows
A1: cashflow | B1: period fracs
A2: -0.9333 | B2: 0
A3: 0.01 | B3: 1
A4: 0.01 | B4: 1
A5: 0.01 | B5: 1
A6: 0.01 | B6: 1
A7: 0.01 | B7: 1
A8: 0.01 | B8: 1
A9: 0.01 | B9: 1
A10: 0.01 | B10: 1
A11: 0.01 | B11: 1
A12: 0.01 | B12: 1
A13: 0.01 | B13: 1
... A42: 1.0098889 | B42: 0.98888889

Sheet Cashflows Detail
A1: cashflow | B1: period fracs | C1: guess | D1: frequency
A2: -0.9333 | B2: 0 | C2: =Asset!B2 -> 0.04 | D2: =Asset!C2 -> 4
A3: 0.01 | B3: 1 | C3: =Asset!B3 -> 0 | D3: =Asset!C3 -> 0
A4: 0.01 | B4: 1 | C4: =Asset!B4 -> 0 | D4: =Asset!C4 -> 0
A5: 0.01 | B5: 1 | C5: =Asset!B5 -> 0 | D5: =Asset!C5 -> 0
A6: 0.01 | B6: 1 | C6: =Asset!B6 -> 0 | D6: =Asset!C6 -> 0
A7: 0.01 | B7: 1 | C7: =Asset!B7 -> 0 | D7: =Asset!C7 -> 0
A8: 0.01 | B8: 1 | C8: =Asset!B8 -> 0 | D8: =Asset!C8 -> 0
A9: 0.01 | B9: 1 | C9: =Asset!B9 -> 0 | D9: =Asset!C9 -> 0
A10: 0.01 | B10: 1 | C10: =Asset!B10 -> 0 | D10: =Asset!C10 -> 0
A11: 0.01 | B11: 1 | C11: =Asset!B11 -> 0 | D11: =Asset!C11 -> 0
A12: 0.01 | B12: 1 | C12: =Asset!B12 -> 0 | D12: =Asset!C12 -> 0
A13: 0.01 | B13: 1 | C13: =Asset!B13 -> 0 | D13: =Asset!C13 -> 0
... A42: 1.0098889 | B42: 0.98888889 | C42: =Asset!B42 -> 0 | D42: =Asset!C42 -> 0

Sheet Yield
A1: first-yield | B1: second yield
A2: 0.048457492 | B2: 0.048457492

Sheet NPV Detail
A1: cashflow | B1: period fracs | C1: frequency | D1: first-yield | E1: second-yield
A2: -0.9333 | B2: 0 | C2: =Asset!$C$2 -> 4 | D2: =Yield!$A$2 -> 0.048457492 | E2: =Yield!$B$2 -> 0.048457492
A3: 0.01 | B3: 1 | C3: =Asset!$C$2 -> 4 | D3: =Yield!$A$2 -> 0.048457492 | E3: =Yield!$B$2 -> 0.048457492
A4: 0.01 | B4: 1 | C4: =Asset!$C$2 -> 4 | D4: =Yield!$A$2 -> 0.048457492 | E4: =Yield!$B$2 -> 0.048457492
A5: 0.01 | B5: 1 | C5: =Asset!$C$2 -> 4 | D5: =Yield!$A$2 -> 0.048457492 | E5: =Yield!$B$2 -> 0.048457492
A6: 0.01 | B6: 1 | C6: =Asset!$C$2 -> 4 | D6: =Yield!$A$2 -> 0.048457492 | E6: =Yield!$B$2 -> 0.048457492
A7: 0.01 | B7: 1 | C7: =Asset!$C$2 -> 4 | D7: =Yield!$A$2 -> 0.048457492 | E7: =Yield!$B$2 -> 0.048457492
A8: 0.01 | B8: 1 | C8: =Asset!$C$2 -> 4 | D8: =Yield!$A$2 -> 0.048457492 | E8: =Yield!$B$2 -> 0.048457492
A9: 0.01 | B9: 1 | C9: =Asset!$C$2 -> 4 | D9: =Yield!$A$2 -> 0.048457492 | E9: =Yield!$B$2 -> 0.048457492
A10: 0.01 | B10: 1 | C10: =Asset!$C$2 -> 4 | D10: =Yield!$A$2 -> 0.048457492 | E10: =Yield!$B$2 -> 0.048457492
A11: 0.01 | B11: 1 | C11: =Asset!$C$2 -> 4 | D11: =Yield!$A$2 -> 0.048457492 | E11: =Yield!$B$2 -> 0.048457492
A12: 0.01 | B12: 1 | C12: =Asset!$C$2 -> 4 | D12: =Yield!$A$2 -> 0.048457492 | E12: =Yield!$B$2 -> 0.048457492
A13: 0.01 | B13: 1 | C13: =Asset!$C$2 -> 4 | D13: =Yield!$A$2 -> 0.048457492 | E13: =Yield!$B$2 -> 0.048457492
... A42: 1.0098889 | B42: 0.98888889 | C42: =Asset!$C$2 -> 4 | D42: =Yield!$A$2 -> 0.048457492 | E42: =Yield!$B$2 -> 0.048457492

Sheet NPV
A1: cashflow | B1: period fracs | C1: first-yield | D1: second-yield | E1: npv2 | F1: npv1
A2: -0.9333 | B2: 0 | C2: 0.048457492 | D2: 0.048457492 | E2: -0.9333 | F2: -0.9333
A3: 0.01 | B3: 1 | C3: 0.048457492 | D3: 0.048457492 | E3: 0.0098803063 | F3: 0.0098803063
A4: 0.01 | B4: 1 | C4: 0.048457492 | D4: 0.048457492 | E4: 0.0097620452 | F4: 0.0097620452
A5: 0.01 | B5: 1 | C5: 0.048457492 | D5: 0.048457492 | E5: 0.0096451997 | F5: 0.0096451997
A6: 0.01 | B6: 1 | C6: 0.048457492 | D6: 0.048457492 | E6: 0.0095297527 | F6: 0.0095297527
A7: 0.01 | B7: 1 | C7: 0.048457492 | D7: 0.048457492 | E7: 0.0094156875 | F7: 0.0094156875
A8: 0.01 | B8: 1 | C8: 0.048457492 | D8: 0.048457492 | E8: 0.0093029877 | F8: 0.0093029877
A9: 0.01 | B9: 1 | C9: 0.048457492 | D9: 0.048457492 | E9: 0.0091916368 | F9: 0.0091916368
A10: 0.01 | B10: 1 | C10: 0.048457492 | D10: 0.048457492 | E10: 0.0090816187 | F10: 0.0090816187
A11: 0.01 | B11: 1 | C11: 0.048457492 | D11: 0.048457492 | E11: 0.0089729174 | F11: 0.0089729174
A12: 0.01 | B12: 1 | C12: 0.048457492 | D12: 0.048457492 | E12: 0.0088655172 | F12: 0.0088655172
A13: 0.01 | B13: 1 | C13: 0.048457492 | D13: 0.048457492 | E13: 0.0087594025 | F13: 0.0087594025
... A42: 1.0098889 | B42: 0.98888889 | C42: 0.048457492 | D42: 0.048457492 | E42: 0.62394744 | F42: 0.62394744

Sheet Sheet1
A1: cashflow | B1: period fracs | C1: first-yield | D1: second-yield | E1: npv2 | F1: npv1
A2: -0.9333 | B2: 0 | C2: 0.048457492 | D2: 0.048457492 | E2: 4.3298698e-15 | F2: 4.3298698e-15
A3: 0.01 | B3: 1 | C3: 0.048457492 | D3: 0.048457492 | E3: 0.9333 | F3: 0.9333
A4: 0.01 | B4: 1 | C4: 0.048457492 | D4: 0.048457492 | E4: 0.93460634 | F4: 0.93460634
A5: 0.01 | B5: 1 | C5: 0.048457492 | D5: 0.048457492 | E5: 0.93592851 | F5: 0.93592851
A6: 0.01 | B6: 1 | C6: 0.048457492 | D6: 0.048457492 | E6: 0.9372667 | F6: 0.9372667
A7: 0.01 | B7: 1 | C7: 0.048457492 | D7: 0.048457492 | E7: 0.9386211 | F7: 0.9386211
A8: 0.01 | B8: 1 | C8: 0.048457492 | D8: 0.048457492 | E8: 0.93999191 | F8: 0.93999191
A9: 0.01 | B9: 1 | C9: 0.048457492 | D9: 0.048457492 | E9: 0.94137932 | F9: 0.94137932
A10: 0.01 | B10: 1 | C10: 0.048457492 | D10: 0.048457492 | E10: 0.94278354 | F10: 0.94278354
A11: 0.01 | B11: 1 | C11: 0.048457492 | D11: 0.048457492 | E11: 0.94420477 | F11: 0.94420477
A12: 0.01 | B12: 1 | C12: 0.048457492 | D12: 0.048457492 | E12: 0.94564322 | F12: 0.94564322
A13: 0.01 | B13: 1 | C13: 0.048457492 | D13: 0.048457492 | E13: 0.94709909 | F13: 0.94709909
... A42: 1.0098889 | B42: 0.98888889 | C42: 0.048457492 | D42: 0.048457492 | E42: 0.99793466 | F42: 0.99793466
