Workbook

Sheet Asset
A1: cusip | B1: rate | C1: frequency per annum | D1: issue price | E1: maturity price
A2: 9128285W8 | B2: 0.04 | C2: 4 | D2: 93.33 | E2: 100

Sheet Cashflows
A1: cashflow | B1: period fracs
A2: -0.9333 | B2: 0
A3: 0.01 | B3: 1
A4: 0.01 | B4: 1
A5: 0.01 | B5: 1
A6: 0.01 | B6: 1
A7: 0.01 | B7: 1
A8: 0.01 | B8: 1
A9: 0.01 | B9: 1
A10: 0.01 | B10: 1
A11: 0.01 | B11: 1
A12: 0.01 | B12: 1
A13: 0.01 | B13: 1
... A42: 1.0098889 | B42: 0.98888889

Sheet Cashflow Details
A1: cashflow | B1: period fracs | C1: guess | D1: frequency
A2: -0.9333 | B2: 0 | C2: =Asset!B2 -> 0.04 | D2: =Asset!C2 -> 4
A3: 0.01 | B3: 1 | C3: =Asset!B3 -> 0 | D3: =Asset!C3 -> 0
A4: 0.01 | B4: 1 | C4: =Asset!B4 -> 0 | D4: =Asset!C4 -> 0
A5: 0.01 | B5: 1 | C5: =Asset!B5 -> 0 | D5: =Asset!C5 -> 0
A6: 0.01 | B6: 1 | C6: =Asset!B6 -> 0 | D6: =Asset!C6 -> 0
A7: 0.01 | B7: 1 | C7: =Asset!B7 -> 0 | D7: =Asset!C7 -> 0
A8: 0.01 | B8: 1 | C8: =Asset!B8 -> 0 | D8: =Asset!C8 -> 0
A9: 0.01 | B9: 1 | C9: =Asset!B9 -> 0 | D9: =Asset!C9 -> 0
A10: 0.01 | B10: 1 | C10: =Asset!B10 -> 0 | D10: =Asset!C10 -> 0
A11: 0.01 | B11: 1 | C11: =Asset!B11 -> 0 | D11: =Asset!C11 -> 0
A12: 0.01 | B12: 1 | C12: =Asset!B12 -> 0 | D12: =Asset!C12 -> 0
A13: 0.01 | B13: 1 | C13: =Asset!B13 -> 0 | D13: =Asset!C13 -> 0
... A42: 1.0098889 | B42: 0.98888889 | C42: =Asset!B42 -> 0 | D42: =Asset!C42 -> 0

Sheet Yield
A1: first-yield | B1: second yield
A2: 0.048457492 | B2: 0.048457492
