Workbook

Sheet Transactions
A1: Account ID | B1: Prior Balance | C1: Amount
A2: 0 | B2: 4324 | C2: 323
A3: 4 | B3: 23123 | C3: -1000
A4: 3 | B4: 5545 | C4: -3003
A5: 1 | B5: 33 | C5: 10

Sheet New Balances
A1: Account ID | B1: New Balance
A2: 0 | B2: =Transactions!B2+Transactions!C2 -> 4647
A3: 4 | B3: =Transactions!B3+Transactions!C3 -> 22123
A4: 3 | B4: =Transactions!B4+Transactions!C4 -> 2542
A5: 1 | B5: =Transactions!B5+Transactions!C5 -> 43
A6: 2 | B6: =Transactions!B6+Transactions!C6 -> 0
A7: 3 | B7: =Transactions!B7+Transactions!C7 -> 0
A8: 4 | B8: =Transactions!B8+Transactions!C8 -> 0
A9: 5 | B9: =Transactions!B9+Transactions!C9 -> 0
A10: 6 | B10: =Transactions!B10+Transactions!C10 -> 0
A11: 7 | B11: =Transactions!B11+Transactions!C11 -> 0
A12: 8 | B12: =Transactions!B12+Transactions!C12 -> 0

Sheet Use Reference
A1: rows
A2: 1
A3: =A2+1 -> 2
A4: =A3+1 -> 3
A5: =A4+1 -> 4
A6: =A5+1 -> 5
A7: =A6+1 -> 6
A8: =A7+1 -> 7
A9: =A8+1 -> 8
A10: =A9+1 -> 9
A11: =A10+1 -> 10
A12: =A11+1 -> 11
A13: =A12+1 -> 12
A14: =A13+1 -> 13
... A44: =A43+1 -> 43
